_id,ID,AD,KATEGORI ADI,IL ADI,ILCE ADI,MAHALLE ADI,DURUM,BOYLAM,ENLEM,ELEKTRIK,KULLANIM ALANI,OTOMATIK HESAPLANAN ALAN,SU,TABELA KOD,TOPLAM ALAN,TOPLAM CADIR / KONTEYNER SAYISI,TUR,VERI URETIM,WC / KANALIZASYON,YOL DURUMU
1,151349489,Filiz Parkı.,Acil Durum Toplanma Alanı (Halk),İstanbul,Tuzla,Cami Mh.,Aktif,29.31523421094284,40.82196781750072,Var,1690,1796.45903013517,Var,3430-009-16,1690,0/0,PARK,Koordinat,Yok,Var
2,151349490,Çınar Sitesi Parkı,Acil Durum Toplanma Alanı (Halk),İstanbul,Tuzla,Cami Mh.,Aktif,29.31393764857012,40.82162083054779,Var,9978,4059.01211970516,Var,3430-009-19,9978,0/0,PARK,Koordinat,Yok,Var
3,151349491,Ova Parkı,Acil Durum Toplanma Alanı (Halk),İstanbul,Tuzla,Cami Mh.,Aktif,29.307206744914254,40.81759391148841,Var,1040,1133.69188422789,Var,3430-009-17,1040,0/0,PARK,Koordinat,Yok,Var
4,151349492,Aydınlı Merkez Parkı,Acil Durum Toplanma Alanı (Halk),İstanbul,Tuzla,Aydınlı Mh.,Aktif,29.328858628350357,40.86927763232813,Var,650,302.922344916194,Var,3430-005-07,650,0/0,PARK,Koordinat,Yok,Var
5,151349493,Aydınlı Parkı,Acil Durum Toplanma Alanı (Halk),İstanbul,Tuzla,Aydınlı Mh.,Aktif,29.323774421759207,40.864656101917895,Var,5832,4678.43576988529,Var,3430-005-12,5832,0/0,PARK,Koordinat,Yok,Var
6,151349494,Aydınlı Pazar Alanı,Acil Durum Toplanma Alanı (Halk),İstanbul,Tuzla,Aydınlı Mh.,Aktif,29.324249722736692,40.8710304504975,Var,5799,7549.73642642793,Var,3430-005-10,5799,0/0,PAZAR ALANI,Koordinat,Yok,Var
7,151349495,Gürpınar Caddesi Parkı,Acil Durum Toplanma Alanı (Halk),İstanbul,Tuzla,Aydınlı Mh.,Aktif,29.331574294595004,40.86827649040629,Var,4083,4385.73140841115,Var,3430-005-09,4083,0/0,PARK,Koordinat,Yok,Var
8,151349496,Kardeşler Sokak Parkı,Acil Durum Toplanma Alanı (Halk),İstanbul,Tuzla,Aydınlı Mh.,Aktif,29.32189296530128,40.87908295116843,Var,2095,2290.02917731888,Var,3430-005-08,2095,0/0,PARK,Koordinat,Yok,Var
9,151349497,Konaşlı Parkı,Acil Durum Toplanma Alanı (Halk),İstanbul,Tuzla,Aydınlı Mh.,Aktif,29.334732370206822,40.88492319970537,Var,1500,1637.29627452635,Var,3430-005-06,1500,0/0,PARK,Koordinat,Yok,Var
10,151349498,Necip Fazıl Kısakürek Parkı.,Acil Durum Toplanma Alanı (Halk),İstanbul,Tuzla,Aydınlı Mh.,Aktif,29.340291040618887,40.86533790689796,Var,18064,20278.0642551662,Var,3430-005-14,18064,0/0,PARK,Koordinat,Yok,Var
11,151349499,Okan Sokak Parkı,Acil Durum Toplanma Alanı (Halk),İstanbul,Tuzla,Aydınlı Mh.,Aktif,29.33685026315075,40.86214100482897,Var,4913,4992.53142745171,Var,3430-005-16,4913,0/0,PARK,Koordinat,Yok,Var
12,151349500,Sedef Parkı,Acil Durum Toplanma Alanı (Halk),İstanbul,Tuzla,Aydınlı Mh.,Aktif,29.33435772338329,40.87567075520133,Var,2078,1709.69946282314,Var,3430-005-13,2078,0/0,PARK,Koordinat,Yok,Var
13,151349501,Şehit J. Er Bekir Demir Parkı,Acil Durum Toplanma Alanı (Halk),İstanbul,Tuzla,Aydınlı Mh.,Aktif,29.326243705051454,40.86779521132663,Var,2434,2489.9908635095,Var,3430-005-11,2434,0/0,PARK,Koordinat,Yok,Var
14,151349502,Hacet Deresi Mesire Alanı,Acil Durum Toplanma Alanı (Halk),İstanbul,Tuzla,Aydınlı Mh.,Aktif,29.329597405915926,40.8785065300469,Var,81600,20876.1569861856,Var,3430-005-19,81600,0/0,MESİRE ALANI,Koordinat,Yok,KISMEN RAHAT
15,151349503,Oruç Reis İlköğretim Okulu Bahçesi,Acil Durum Toplanma Alanı (Halk),İstanbul,Tuzla,Aydınlı Mh.,Aktif,29.33892712548075,40.8663908480336,Var,5300,12045.8863962563,Var,3430-005-18,5300,0/0,OKUL ,Koordinat,Var,Var
16,151349504,Osmangazi İlköğretim Okulu Bahçesi,Acil Durum Toplanma Alanı (Halk),İstanbul,Tuzla,Aydınlı Mh.,Aktif,29.33036481596725,40.872449863521545,Var,2100,4826.07344002555,Var,3430-005-17,2100,0/0,OKUL,Koordinat,Var,Var
17,151349505,Anıt Park,Acil Durum Toplanma Alanı (Halk),İstanbul,Tuzla,Orhanlı Mh.,Aktif,29.36261291202198,40.89581029343743,Var,435,554.135135442703,Var,3430-017-51,435,0/0,PARK,Koordinat,Yok,VAR
18,151349506,Kültür Parkı,Acil Durum Toplanma Alanı (Halk),İstanbul,Tuzla,Orhanlı Mh.,Aktif,29.351840434916628,40.90032758553301,Var,7815,846.061065476327,Var,3430-017-50,7815,0/0,PARK,Koordinat,Yok,VAR
19,151349507,Muhtarlık Parkı ( Aynı Zamanda TRANSFER ALANIDIR.),Acil Durum Toplanma Alanı (Halk),İstanbul,Tuzla,Orhanlı Mh.,Aktif,29.35738400768526,40.89573613781663,Var,3262,3717.68157681385,Var,3430-017-52,3262,0/0,PARK,Koordinat,Yok,VAR
20,151349508,İshakpaşa Parkı,Acil Durum Toplanma Alanı (Halk),İstanbul,Tuzla,Orta Mh.,Aktif,29.379238706428968,40.90314437701653,Var,7127,5886.55368417171,Var,3430-018-53,7127,0/0,PARK,Koordinat,Yok,VAR
21,151349509,Orta Mahalle Orman Arazisi,Acil Durum Toplanma Alanı (Halk),İstanbul,Tuzla,Orta Mh.,Aktif,29.38165041878156,40.89874153873269,Yok,6600,7099.20394733248,Yok,3430-018-55,6600,0/0,Orman,Koordinat,Yok,VAR
22,151349510,Orta Mahalle Pazar Alanı,Acil Durum Toplanma Alanı (Halk),İstanbul,Tuzla,Orta Mh.,Aktif,29.376246746828688,40.90166758793213,Yok,3300,3621.71712905202,Yok,3430-018-54,3300,0/0,PAZAR ALANI,Koordinat,Yok,VAR
23,151349511,Anadolu Parkı,Acil Durum Toplanma Alanı (Halk),İstanbul,Tuzla,Yayla Mh.,Aktif,29.301284035127683,40.83271749977685,Var,3579,3645.98153568712,Var,3430-023-76,3579,0/0,PARK,Koordinat,Yok,VAR
24,151349512,Hüseyin Çakır Parkı,Acil Durum Toplanma Alanı (Halk),İstanbul,Tuzla,Yayla Mh.,Aktif,29.309233239738088,40.83013593002469,Var,997,1362.06069293296,Var,3430-023-75,997,0/0,PARK,Koordinat,Yok,Var
25,151349513,İBB-Torosevleri Parkı,Acil Durum Toplanma Alanı (Halk),İstanbul,Tuzla,Yayla Mh.,Aktif,29.313780060781276,40.83415623768957,Var,18718,21276.9075385917,Var,3430-023-84,18718,0/0,PARK,Koordinat,Var,VAR
26,151349514,Mavi Evler Parkı,Acil Durum Toplanma Alanı (Halk),İstanbul,Tuzla,Yayla Mh.,Aktif,29.29954708517463,40.83035721297466,Var,992,1160.67360188541,Var,3430-023-80,992,0/0,PARK,Koordinat,Yok,VAR
27,151349515,Mehmet Akif Ersoy Parkı,Acil Durum Toplanma Alanı (Halk),İstanbul,Tuzla,Yayla Mh.,Aktif,29.304390926978023,40.83547552607723,Var,4763,5003.62164895621,Var,3430-023-77,4763,0/0,PARK,Koordinat,Yok,VAR
28,151349516,Şehit J.Er Necmi Yıldırım Parkı,Acil Durum Toplanma Alanı (Halk),İstanbul,Tuzla,Yayla Mh.,Aktif,29.30240423444415,40.83341718048395,Var,2065,2065.59392802385,Var,3430-023-82,2065,0/0,PARK,Koordinat,Yok,VAR
29,151349517,Yaşam Sitesi Parkı (7969) Parsel,Acil Durum Toplanma Alanı (Halk),İstanbul,Tuzla,Yayla Mh.,Aktif,29.30561015926596,40.83467515651003,Var,4753,5074.14020952169,Var,3430-023-83,4753,0/0,PARK,Koordinat,Var,VAR
30,151349518,Yavuz Selim Parkı,Acil Durum Toplanma Alanı (Halk),İstanbul,Tuzla,Yayla Mh.,Aktif,29.307722747564647,40.83679329040704,Var,2544,2795.86266662424,Var,3430-023-79,2544,0/0,PARK,Koordinat,Yok,VAR
31,151349519,Yayla Çocuk Parkı,Acil Durum Toplanma Alanı (Halk),İstanbul,Tuzla,Yayla Mh.,Aktif,29.312377527503077,40.8302148786493,Var,1003,954.078657199698,Var,3430-023-78,1003,0/0,PARK,Koordinat,Yok,VAR
32,151349520,Zeytinlik Parkı ve Çevresi,Acil Durum Toplanma Alanı (Halk),İstanbul,Tuzla,Yayla Mh.,Aktif,29.303193745547432,40.82614469681107,Var,1112,2481.01959798033,Var,3430-023-81,1112,0/0,PARK,Koordinat,Yok,VAR
33,151349522,19 Mayıs Caddesi Dinlenme Alanı,Acil Durum Toplanma Alanı (Halk),İstanbul,Tuzla,Şifa Mh.,Aktif,29.35956589167907,40.83212176994263,Var,250,182.855593681841,Var,3430-020-72,250,0/0,PARK,Koordinat,Yok,Var
34,151349523,Şehit Bahadırhan Solak Parkı,Acil Durum Toplanma Alanı (Halk),İstanbul,Tuzla,Şifa Mh.,Aktif,29.35623644300754,40.83100121312078,Var,2195,2310.49085409872,Var,3430-020-69,2195,0/0,PARK,Koordinat,Yok,VAR
35,151349524,Mecidiye Parkı,Acil Durum Toplanma Alanı (Halk),İstanbul,Tuzla,Şifa Mh.,Aktif,29.354322829058084,40.83214369112255,Var,850,912.736240096798,Var,3430-020-73,850,0/0,PARK,Koordinat,Yok,VAR
36,151349525,Mevlana Parkı,Acil Durum Toplanma Alanı (Halk),İstanbul,Tuzla,Şifa Mh.,Aktif,29.357885263906923,40.83796523637762,Var,2883,2120.61542279588,Var,3430-020-71,2883,0/0,PARK,Koordinat,Yok,VAR
37,151349526,Şehit Er Sezgin Zorba Parkı,Acil Durum Toplanma Alanı (Halk),İstanbul,Tuzla,Şifa Mh.,Aktif,29.35416396821553,40.82800523765757,Var,4330,4065.37253333307,Var,3430-020-70,4330,0/1-MAG,PARK,Koordinat,Yok,VAR
38,151349527,Fatih Sultan Mehmet İmam Hatip Ortaokulu Bahçesi,Acil Durum Toplanma Alanı (Halk),İstanbul,Tuzla,Şifa Mh.,Aktif,29.358557274873437,40.83524324249925,Var,2400,2704.97234160223,Var,3430-020-74,2400,0/0,OKUL ,Koordinat,Var,VAR
39,151349528,Şehit Ertan Bayraktar Parkı ( Aynı Zamanda TRANSFER ALANIDIR.),Acil Durum Toplanma Alanı (Halk),İstanbul,Tuzla,Şifa Mh.,Aktif,29.35358889607276,40.82366444262535,Var,10309,12264.9147501276,Var,3430-020-78,10309,0/0,PARK,Koordinat,Yok,VAR
40,151349529,Taptuk Emre İlkokulu Bahçesi,Acil Durum Toplanma Alanı (Halk),İstanbul,Tuzla,Şifa Mh.,Aktif,29.356872268084484,40.82910034043547,Var,2000,3931.90380053988,Var,3430-020-76,2000,0/1,OKUL ,Koordinat,Var,VAR
41,151349530,Yunus Emre Ortaokulu Bahçesi..,Acil Durum Toplanma Alanı (Halk),İstanbul,Tuzla,Şifa Mh.,Aktif,29.355954888461284,40.829184615014256,Var,2500,3370.48105775864,Var,3430-020-75,2500,0/1,OKUL ,Koordinat,Var,VAR
42,151349531,Cumhuriyet Parkı,Acil Durum Toplanma Alanı (Halk),İstanbul,Tuzla,İçmeler Mh.,Aktif,29.30472273076268,40.84695995380076,Var,2312,2056.85913006394,Var,3430-013-27,2312,0/0,PARK,Koordinat,Yok,Var
43,151349532,Hasan Coşar Parkı,Acil Durum Toplanma Alanı (Halk),İstanbul,Tuzla,İçmeler Mh.,Aktif,29.31138919655033,40.85116615596984,Var,609,650.308864829661,Yok,3430-013-28,609,0/0,PARK,Koordinat,Yok,Var
44,151349533,İçmeler Meydanı,Acil Durum Toplanma Alanı (Halk),İstanbul,Tuzla,İçmeler Mh.,Aktif,29.305603632746767,40.84901307896149,Var,2900,2922.88119290828,Var,3430-013-29,2900,0/0,Meydan,Koordinat,Yok,Var
45,151349534,Şehit Ferdi Bolat Parkı,Acil Durum Toplanma Alanı (Halk),İstanbul,Tuzla,İçmeler Mh.,Aktif,29.30703375075149,40.84632482932554,Var,1006,884.73262484896,Var,3430-013-30,1006,0/0,PARK,Koordinat,Yok,Var
46,151349535,Tuzla Stadı,Acil Durum Toplanma Alanı (Halk),İstanbul,Tuzla,İçmeler Mh.,Aktif,29.30637912257121,40.84523489459713,Var,7500,8652.86421202056,Var,3430-013-31,7500,0/0,Stadyum,Koordinat,Var,Var
47,151349536,6. Cadde Parkı,Acil Durum Toplanma Alanı (Halk),İstanbul,Tuzla,Akfırat Mh.,Aktif,29.420552777666387,40.9244600842712,Var,450,472.831758394837,Var,3430-001-02,450,0/0,PARK,Koordinat,Yok,Var
48,151349537,Fırat Parkı,Acil Durum Toplanma Alanı (Halk),İstanbul,Tuzla,Akfırat Mh.,Aktif,29.418130745727268,40.92575086856445,Var,1516,326.892561820491,Var,3430-001-03,1516,0/0,PARK,Koordinat,Yok,Var
49,151349538,Sosyal Tesisler Parkı,Acil Durum Toplanma Alanı (Halk),İstanbul,Tuzla,Akfırat Mh.,Aktif,29.415547153118705,40.92705140290197,Var,9357,5488.71682815004,Var,3430-001-04,9357,0/0,PARK,Koordinat,Var,Var
50,151349539,Şehit J. Er Murat Aşçı Parkı,Acil Durum Toplanma Alanı (Halk),İstanbul,Tuzla,Akfırat Mh.,Aktif,29.42444986239279,40.92542573061913,Var,5469,5718.23421234568,Var,3430-001-01,5469,0/0,PARK,Koordinat,Yok,Var
51,151349540,Şelale Park Otoparkı ( Aynı Zamanda TRANSFER ALANIDIR. ),Acil Durum Toplanma Alanı (Halk),İstanbul,Tuzla,Aydıntepe Mh.,Aktif,29.317844541335557,40.85861039379872,Var,102000,15651.2404721911,Var,3430-005-15,102000,0/0,Park / Otopark,Koordinat,Var,Var
52,151349541,Gençlik Parkı,Acil Durum Toplanma Alanı (Halk),İstanbul,Tuzla,Anadolu Mh.,Aktif,29.375772709853138,40.90554283716197,Var,2000,1923.57048203034,Var,3430-002-05,2000,0/0,PARK,Koordinat,Var,Var
53,151349542,Belediye Parkı (Aynı Zamanda TRANSFER ALANIDIR.),Acil Durum Toplanma Alanı (Halk),İstanbul,Tuzla,Evliya Çelebi Mh.,Aktif,29.3019096474112,40.84329895423408,Var,24990,15237.1579295806,Var,3430-011-25,24990,8/4,PARK,Koordinat,Var,Var
54,151349543,Dere Kenarı Dinlenme Alanı Ve Çevresi,Acil Durum Toplanma Alanı (Halk),İstanbul,Tuzla,Evliya Çelebi Mh.,Aktif,29.299333047392047,40.83960201226813,Var,10139,10043.7021317063,Var,3430-011-27,10139,0/0,PARK,Koordinat,Yok,Var
55,151349544,Duravit Parkı,Acil Durum Toplanma Alanı (Halk),İstanbul,Tuzla,Evliya Çelebi Mh.,Aktif,29.297400262157733,40.83723972563799,Var,4672,4961.68475531658,Var,3430-011-26,4672,0/0,PARK,Koordinat,Yok,Var
56,151349545,Veysel Karani Parkı.,Acil Durum Toplanma Alanı (Halk),İstanbul,Tuzla,Evliya Çelebi Mh.,Aktif,29.30467806749756,40.83865057673526,Var,1233,1385.29626942824,Var,3430-011-24,1233,0/0,PARK,Koordinat,Yok,Var
57,151349546,Evliya Çelebi Parkı,Acil Durum Toplanma Alanı (Halk),İstanbul,Tuzla,Evliya Çelebi Mh.,Aktif,29.304336746959898,40.84083205586308,Var,2886,2894.34356826414,Var,3430-011-20,2886,0/0,PARK,Koordinat,Yok,Var
58,151349547,Huzur Parkı,Acil Durum Toplanma Alanı (Halk),İstanbul,Tuzla,Evliya Çelebi Mh.,Aktif,29.299390019146298,40.842056225053184,Var,1695,2009.3017359367,Var,3430-011-21,1695,0/0,PARK,Koordinat,Yok,Var
59,151349548,Merdekan Parkı,Acil Durum Toplanma Alanı (Halk),İstanbul,Tuzla,Evliya Çelebi Mh.,Aktif,29.303270463457217,40.84105741884652,Var,3529,3861.25193259928,Var,3430-011-22,3529,0/0,PARK,Koordinat,Yok,Var
60,151349549,Onur Parkı,Acil Durum Toplanma Alanı (Halk),İstanbul,Tuzla,Evliya Çelebi Mh.,Aktif,29.299601199953912,40.83796790446353,Var,2805,3029.19536194759,Var,3430-011-23,2805,0/0,PARK,Koordinat,Yok,Var
61,151349550,Aydıntepe (Evora) Parkı,Acil Durum Toplanma Alanı (Halk),İstanbul,Tuzla,Aydıntepe Mh.,Aktif,29.30104554110146,40.85977291195335,Var,9472,10130.6874497605,Var,3430-008-16,9472,0/0,PARK,Koordinat,Yok,RAHAT
62,151349551,Fatih Sultan Mehmet Parkı,Acil Durum Toplanma Alanı (Halk),İstanbul,Tuzla,Aydıntepe Mh.,Aktif,29.300591240446096,40.85713309426237,Var,28609,32467.8867856659,Var,3430-008-15,28609,0/0,PARK,Koordinat,Var,Var
63,151349552,Şehit J.Er Kamber Kütük Parkı,Acil Durum Toplanma Alanı (Halk),İstanbul,Tuzla,Aydıntepe Mh.,Aktif,29.294880741694204,40.85619292967853,Var,440,808.375184963406,Var,3430-008-14,440,0/0,PARK,Koordinat,Yok,Var
64,151349553,Aydıntepe Mahallesi Piknik Alanı,Acil Durum Toplanma Alanı (Halk),İstanbul,Tuzla,Aydıntepe Mh.,Aktif,29.30160181142789,40.8541904384304,Var,1700,7139.20864293401,Var,3430-008-17,1700,0/0,PARK,Koordinat,Yok,Var
65,151349554,Tezer Taşkıran Ortaokulu Bahçesi,Acil Durum Toplanma Alanı (Halk),İstanbul,Tuzla,Aydıntepe Mh.,Aktif,29.29937152824852,40.85633966666204,Var,3500,7150.5263829596,Var,3430-008-18,3500,0/0,OKUL ,Koordinat,Var,Var
66,151349555,Eski Ankara Asfaltı Caddesi Parkı,Acil Durum Toplanma Alanı (Halk),İstanbul,Tuzla,Tepeören Mh.,Aktif,29.385682060794156,40.9116462007656,Var,4600,6568.41929167715,Var,3430-022-74,4600,0/0,PARK,Koordinat,Yok,VAR
67,151349556,Kudret Parkı,Acil Durum Toplanma Alanı (Halk),İstanbul,Tuzla,Tepeören Mh.,Aktif,29.39000773968172,40.908470259508576,Var,409,571.907830513936,Var,3430-022-73,409,0/0,PARK,Koordinat,Yok,VAR
68,151349557,Medeniyet Bulvarı Parkı,Acil Durum Toplanma Alanı (Halk),İstanbul,Tuzla,Tepeören Mh.,Aktif,29.38987243064548,40.91318209825342,Var,8500,7950.41961719309,Var,3430-022-76,8500,0/0,PARK,Koordinat,Yok,VAR
69,151349559,Ulubey Sokak Parkı,Acil Durum Toplanma Alanı (Halk),İstanbul,Tuzla,Tepeören Mh.,Aktif,29.37634409359772,40.90845333281377,Var,13130,14029.9791708398,Var,3430-002-06,13130,0/0,PARK,Koordinat,Yok,Var
70,151349560,Vehbi Koç Üniversitesi Futbol Sahası,Acil Durum Toplanma Alanı (Halk),İstanbul,Tuzla,Tepeören Mh.,Aktif,29.358514424101376,40.9208169518734,Var,15128,15128.4314359387,Var,3430-022-77,15128,0/0,OKUL ,Koordinat,Var,VAR
71,151349561,Akşemseddin Parkı,Acil Durum Toplanma Alanı (Halk),İstanbul,Tuzla,İstasyon Mh.,Aktif,29.31435310181093,40.82527151301424,Var,3089,3467.3652336798,Var,3430-014-39,3089,0/0,PARK,Koordinat,Yok,VAR
72,151349562,Batakçalı Parkı,Acil Durum Toplanma Alanı (Halk),İstanbul,Tuzla,İstasyon Mh.,Aktif,29.32259897582959,40.8304317171426,Var,909,960.447869252646,Var,3430-014-32,909,0/0,PARK,Koordinat,Yok,Var
73,151349563,Borsa Kent Parkı,Acil Durum Toplanma Alanı (Halk),İstanbul,Tuzla,İstasyon Mh.,Aktif,29.313151049046773,40.82767483701745,Var,4536,5116.40873273302,Var,3430-014-31,4536,0/0,PARK,Koordinat,Yok,VAR
74,151349564,Çınarlı Bahçe Parkı,Acil Durum Toplanma Alanı (Halk),İstanbul,Tuzla,İstasyon Mh.,Aktif,29.31594056104624,40.83134936286916,Var,12780,15343.2999115399,Var,3430-014-34,12780,0/0,PARK,Koordinat,Yok,VAR
75,151349565,Eksen Parkı,Acil Durum Toplanma Alanı (Halk),İstanbul,Tuzla,İstasyon Mh.,Aktif,29.319721958981503,40.82696745968442,Var,891,1146.13268512538,Var,3430-014-33,891,0/0,PARK,Koordinat,Yok,VAR
76,151349566,Galatasaraylılar Parkı,Acil Durum Toplanma Alanı (Halk),İstanbul,Tuzla,İstasyon Mh.,Aktif,29.31970908918007,40.823200732950944,Var,3874,4464.53737013688,Var,3430-014-35,3874,0/0,PARK,Koordinat,Yok,VAR
77,151349567,Hayat Parkı,Acil Durum Toplanma Alanı (Halk),İstanbul,Tuzla,İstasyon Mh.,Aktif,29.31543965585788,40.82782063054638,Var,2700,1498.51627494205,Var,3430-014-40,2700,0/0,PARK,Koordinat,Yok,VAR
78,151349568,İBB-Çiçekçiler Parkı,Acil Durum Toplanma Alanı (Halk),İstanbul,Tuzla,İstasyon Mh.,Aktif,29.31693404275057,40.82780500967928,Var,2057,2363.79095573457,Var,3430-014-41,2057,0/0,PARK,Koordinat,Yok,VAR
79,151349569,Mareşal Fevzi Çakmak Parkı,Acil Durum Toplanma Alanı (Halk),İstanbul,Tuzla,İstasyon Mh.,Aktif,29.3243870623938,40.82508864371936,Var,3148,3126.20619967222,Var,3430-014-36,3148,0/0,PARK,Koordinat,Var,VAR
80,151349570,Tıp Kent Parkı,Acil Durum Toplanma Alanı (Halk),İstanbul,Tuzla,İstasyon Mh.,Aktif,29.32249059350632,40.82409909290966,Var,588,599.895425551602,Var,3430-014-42,588,0/0,PARK,Koordinat,Yok,VAR
81,151349571,Uğurkent Parkı,Acil Durum Toplanma Alanı (Halk),İstanbul,Tuzla,İstasyon Mh.,Aktif,29.31625184612977,40.832194768567874,Var,7118,7698.03383931927,Var,3430-014-37,7118,0/0,PARK,Koordinat,Var,Var
82,151349572,Yunus Emre Parkı,Acil Durum Toplanma Alanı (Halk),İstanbul,Tuzla,İstasyon Mh.,Aktif,29.323173492877068,40.82702840008172,Var,5069,5530.2416026076,Var,3430-014-38,5069,0/0,PARK,Koordinat,Yok,Var
83,151349573,Okul Parkı Ve Bahçesi,Acil Durum Toplanma Alanı (Halk),İstanbul,Tuzla,Fatih Mh.,Aktif,29.341301210423115,40.92774011163385,Var,1400,589.953518365322,Var,3430-012-26,1400,0/0,OKUL,Koordinat,Var,Var
84,151349574,15 Temmuz Şehitler Parkı (Aynı Zamanda TRANSFER ALANIDIR.),Acil Durum Toplanma Alanı (Halk),İstanbul,Tuzla,Mimar Sinan Mh.,Aktif,29.365698263047356,40.8353871272035,Var,17505,18687.7726455683,Var,3430-016-50,17505,0/0,PARK,Koordinat,Var,VAR
85,151349575,Barış Manço Parkı,Acil Durum Toplanma Alanı (Halk),İstanbul,Tuzla,Mimar Sinan Mh.,Aktif,29.36166283128889,40.840873793887,Var,1000,1099.81845676994,Var,3430-016-44,1000,0/0,PARK,Koordinat,Yok,VAR
86,151349576,Çiftlik Sokak Parkı,Acil Durum Toplanma Alanı (Halk),İstanbul,Tuzla,Mimar Sinan Mh.,Aktif,29.36704667213385,40.83803061539136,Var,2525,2813.9352647913,Var,3430-016-48,2525,0/0,PARK,Koordinat,Yok,VAR
87,151349577,Güngörmüş Parkı,Acil Durum Toplanma Alanı (Halk),İstanbul,Tuzla,Mimar Sinan Mh.,Aktif,29.36461997940033,40.84202018520877,Var,1694,741.251998554545,Var,3430-016-47,1694,0/0,PARK,Koordinat,Yok,VAR
88,151349578,Mimar Sinan Parkı,Acil Durum Toplanma Alanı (Halk),İstanbul,Tuzla,Mimar Sinan Mh.,Aktif,29.362282030667224,40.834512444761806,Var,4415,3114.64228964696,Var,3430-016-43,4415,0/0,PARK,Koordinat,Var,VAR
89,151349579,Sağlık Ocağı Parkı,Acil Durum Toplanma Alanı (Halk),İstanbul,Tuzla,Mimar Sinan Mh.,Aktif,29.360506224106945,40.84054865182822,Var,246,258.486790694522,Var,3430-016-51,246,0/0,PARK,Koordinat,Yok,VAR
90,151349580,Şehit İbrahim Doğan Parkı 1,Acil Durum Toplanma Alanı (Halk),İstanbul,Tuzla,Mimar Sinan Mh.,Aktif,29.367551295944008,40.832210213131006,Var,11872,29219.0,Var,3430-016-46,11872,0/0,PARK,Koordinat,Var,VAR
91,151349581,Şehit J. Er Bahtiyar Maden Parkı,Acil Durum Toplanma Alanı (Halk),İstanbul,Tuzla,Mimar Sinan Mh.,Aktif,29.36168761844695,40.84524419104663,Var,1302,1326.91975888266,Var,3430-016-45,1302,0/0,PARK,Koordinat,Yok,VAR
92,151349582,Şeyh Edebali Parkı,Acil Durum Toplanma Alanı (Halk),İstanbul,Tuzla,Mimar Sinan Mh.,Aktif,29.362695101371617,40.84693990464117,Var,2000,2050.41943793998,Var,3430-016-49,2000,0/0,PARK,Koordinat,Yok,VAR
93,151349583,Cevher Parkı,Acil Durum Toplanma Alanı (Halk),İstanbul,Tuzla,Postane Mh.,Aktif,29.306699042785198,40.82493898389063,Var,2487,2742.93134244128,Var,3430-019-57,2487,0/0,PARK,Koordinat,Yok,VAR
94,151349584,Derya Parkı,Acil Durum Toplanma Alanı (Halk),İstanbul,Tuzla,Postane Mh.,Aktif,29.30083235867112,40.82158442094595,Var,317,400.042860646124,Var,3430-019-55,317,0/0,PARK,Koordinat,Yok,VAR
95,151349585,Doğan Parkı,Acil Durum Toplanma Alanı (Halk),İstanbul,Tuzla,Postane Mh.,Aktif,29.299382830670258,40.81902979212913,Var,760,568.323614270492,Var,3430-019-61,760,0/0,PARK,Koordinat,Yok,VAR
96,151349586,Ertuğrul Gazi Parkı,Acil Durum Toplanma Alanı (Halk),İstanbul,Tuzla,Postane Mh.,Aktif,29.29176542022104,40.81755438090276,Var,3379,3052.93209119649,Var,3430-019-62,3379,0/0,PARK,Koordinat,Yok,VAR
97,151349588,Gonca Sokak Parkı,Acil Durum Toplanma Alanı (Halk),İstanbul,Tuzla,Postane Mh.,Aktif,29.290981607204824,40.820904414967714,Var,746,746.490967036665,Var,3430-019-64,746,0/0,PARK,Koordinat,Yok,VAR
98,151349589,Gölboyu Parkı,Acil Durum Toplanma Alanı (Halk),İstanbul,Tuzla,Postane Mh.,Aktif,29.289372932080703,40.82234644882758,Var,1044,1065.91634547434,Var,3430-019-69,1044,0/0,PARK,Koordinat,Yok,VAR
99,151349590,Kardelen Parkı,Acil Durum Toplanma Alanı (Halk),İstanbul,Tuzla,Postane Mh.,Aktif,29.28844200245204,40.818595599694845,Var,2797,2106.09517426769,Var,3430-019-56,2797,0/0,PARK,Koordinat,Yok,VAR
100,151349593,Org. Eşref Bitlis Parkı,Acil Durum Toplanma Alanı (Halk),İstanbul,Tuzla,Postane Mh.,Aktif,29.309046562873355,40.8228313107154,Var,3466,3659.64930063836,Var,3430-019-68,3466,0/0,PARK,Koordinat,Yok,VAR
101,151349594,Orhan Gazi Parkı,Acil Durum Toplanma Alanı (Halk),İstanbul,Tuzla,Postane Mh.,Aktif,29.28474994014656,40.82428674688379,Var,3607,3958.03972960476,Var,3430-019-70,3607,0/0,PARK,Koordinat,Var,VAR
102,151349595,Osman Gazi Parkı,Acil Durum Toplanma Alanı (Halk),İstanbul,Tuzla,Postane Mh.,Aktif,29.301086173883142,40.81934959410994,Var,1423,1310.76316079009,Var,3430-019-71,1423,0/0,PARK,Koordinat,Yok,VAR
103,151349596,Sumru Parkı,Acil Durum Toplanma Alanı (Halk),İstanbul,Tuzla,Postane Mh.,Aktif,29.28341327644939,40.81571930560644,Var,10905,1738.72798552488,Var,3430-019-60,10905,0/0,PARK,Koordinat,Yok,VAR
104,151349597,Sümer Parkı,Acil Durum Toplanma Alanı (Halk),İstanbul,Tuzla,Postane Mh.,Aktif,29.303286117411197,40.82112465744276,Var,394,409.629192651251,Var,3430-019-67,394,0/0,PARK,Koordinat,Yok,VAR
105,151349598,Şehit Murat Matuz Parkı,Acil Durum Toplanma Alanı (Halk),İstanbul,Tuzla,Postane Mh.,Aktif,29.289509781968192,40.819858666388456,Var,1304,1027.88819575723,Var,3430-019-65,1304,0/0,PARK,Koordinat,Yok,VAR
106,151349599,Yayla Yolu Parkı,Acil Durum Toplanma Alanı (Halk),İstanbul,Tuzla,Postane Mh.,Aktif,29.30417599466246,40.82203716802631,Var,1185,1324.13407221507,Var,3430-019-54,1185,0/0,PARK,Koordinat,Yok,VAR
107,151349600,Yıldırım Beyazıd Parkı,Acil Durum Toplanma Alanı (Halk),İstanbul,Tuzla,Postane Mh.,Aktif,29.30881445039764,40.82498232104648,Var,1852,1898.16604861526,Var,3430-019-63,1852,0/0,PARK,Koordinat,Yok,VAR
108,151349601,Zabıta Parkı,Acil Durum Toplanma Alanı (Halk),İstanbul,Tuzla,Postane Mh.,Aktif,29.30494034409718,40.82044544727204,Var,4988,2792.16130485306,Var,3430-019-58,4988,0/0,PARK,Koordinat,Yok,VAR
109,151349602,Behiye Dr. Nevhir Anadolu Lisesi Bahçesi,Acil Durum Toplanma Alanı (Halk),İstanbul,Tuzla,Postane Mh.,Aktif,29.302306870990133,40.82161049912828,Var,2800,2865.93883898197,Var,3430-019-72,2800,0/0,OKUL ,Koordinat,Var,VAR
110,151349603,Esentepe Parkı,Acil Durum Toplanma Alanı (Halk),İstanbul,Tuzla,Postane Mh.,Aktif,29.28652969356009,40.81580999524736,Var,3994,4494.30325855255,Var,3430-019-59,3994,0/0,PARK,Koordinat,Yok,VAR
111,151349604,Ceren Parkı,Acil Durum Toplanma Alanı (Halk),İstanbul,Tuzla,Mescit Mh.,Aktif,29.353238141216547,40.89663084024372,Var,7326,3741.09184796004,Var,3430-015-41,7326,0/0,PARK,Koordinat,Yok,VAR
112,151440838,Okul Dinlenme Alanı.,Acil Durum Toplanma Alanı (Halk),İstanbul,Tuzla,Cami Mh.,Aktif,29.30786678516561,40.8203325402069,Var,466,466.32,Var,3430-009-18,466,0/0,PARK,Koordinat,Yok,Var
113,151440853,Tepeören Mahallesi Kültür Merkezi ( Aynı Zamanda TRANSFER ALANIDIR.),Acil Durum Toplanma Alanı (Halk),İstanbul,Tuzla,Tepeören Mh.,Aktif,29.393075038097894,40.90791272117772,Var,2092,2092.42,Var,3430-022-75,2092,0/0,Kültür Merkezi,Koordinat,Var,Var
114,151440854,Cemil Türker Ortaokulu Bahçesi,Acil Durum Toplanma Alanı (Halk),İstanbul,Tuzla,Tepeören Mh.,Aktif,29.392958649016247,40.906620465576864,Var,3685,3685.38,Var,3430-022-78,3685,0/0,Okul,Koordinat,Var,Var
115,151440855,Krizantem Parkı..,Acil Durum Toplanma Alanı (Halk),İstanbul,Tuzla,Postane Mh.,Aktif,29.28473876722344,40.81969062341117,Var,1777,407.93,Yok,3430-019-66,1777,0/0,Park,Koordinat,Yok,Var
116,151440856,Şehit İbrahim Doğan Parkı 2,Acil Durum Toplanma Alanı (Halk),İstanbul,Tuzla,Mimar Sinan Mh.,Aktif,29.36536816687541,40.829056917503046,Var,13866,13866.14,Var,3430-020-77,13866,0/0,Park,Koordinat,Var,Var
